--------------------------------------------------------
--  파일이 생성됨 - 월요일-10월-19-2020   
--------------------------------------------------------
DROP SEQUENCE "TEST"."CATEGORY_SEQ";
DROP SEQUENCE "TEST"."CATE_NUM_SEQ";
DROP SEQUENCE "TEST"."DETAILS_NUM_SEQ";
DROP SEQUENCE "TEST"."OP_NUM_SEQ";
DROP SEQUENCE "TEST"."ORDERS_NUM_SEQ";
DROP SEQUENCE "TEST"."PROD_NUM_SEQ";
DROP SEQUENCE "TEST"."REVIEW_NUM_SEQ";
DROP SEQUENCE "TEST"."UCODE_SEQ";
DROP TABLE "TEST"."CATEGORY" cascade constraints;
DROP TABLE "TEST"."MEMBER" cascade constraints;
DROP TABLE "TEST"."OPTIONS" cascade constraints;
DROP TABLE "TEST"."ORDERS" cascade constraints;
DROP TABLE "TEST"."ORDER_DETAILS" cascade constraints;
DROP TABLE "TEST"."PRODUCT" cascade constraints;
DROP TABLE "TEST"."REVIEW" cascade constraints;
--------------------------------------------------------
--  DDL for Sequence CATEGORY_SEQ
--------------------------------------------------------

   CREATE SEQUENCE  "TEST"."CATEGORY_SEQ"  MINVALUE 1 MAXVALUE 9999999999999999999999999999 INCREMENT BY 1 START WITH 21 CACHE 20 NOORDER  NOCYCLE ;
--------------------------------------------------------
--  DDL for Sequence CATE_NUM_SEQ
--------------------------------------------------------

   CREATE SEQUENCE  "TEST"."CATE_NUM_SEQ"  MINVALUE 1 MAXVALUE 9999999999999999999999999999 INCREMENT BY 1 START WITH 21 CACHE 20 NOORDER  NOCYCLE ;
--------------------------------------------------------
--  DDL for Sequence DETAILS_NUM_SEQ
--------------------------------------------------------

   CREATE SEQUENCE  "TEST"."DETAILS_NUM_SEQ"  MINVALUE 1 MAXVALUE 9999999999999999999999999999 INCREMENT BY 1 START WITH 41 CACHE 20 NOORDER  NOCYCLE ;
--------------------------------------------------------
--  DDL for Sequence OP_NUM_SEQ
--------------------------------------------------------

   CREATE SEQUENCE  "TEST"."OP_NUM_SEQ"  MINVALUE 1 MAXVALUE 9999999999999999999999999999 INCREMENT BY 1 START WITH 81 CACHE 20 NOORDER  NOCYCLE ;
--------------------------------------------------------
--  DDL for Sequence ORDERS_NUM_SEQ
--------------------------------------------------------

   CREATE SEQUENCE  "TEST"."ORDERS_NUM_SEQ"  MINVALUE 1 MAXVALUE 9999999999999999999999999999 INCREMENT BY 1 START WITH 121 CACHE 20 NOORDER  NOCYCLE ;
--------------------------------------------------------
--  DDL for Sequence PROD_NUM_SEQ
--------------------------------------------------------

   CREATE SEQUENCE  "TEST"."PROD_NUM_SEQ"  MINVALUE 1 MAXVALUE 9999999999999999999999999999 INCREMENT BY 1 START WITH 141 CACHE 20 NOORDER  NOCYCLE ;
--------------------------------------------------------
--  DDL for Sequence REVIEW_NUM_SEQ
--------------------------------------------------------

   CREATE SEQUENCE  "TEST"."REVIEW_NUM_SEQ"  MINVALUE 1 MAXVALUE 9999999999999999999999999999 INCREMENT BY 1 START WITH 41 CACHE 20 NOORDER  NOCYCLE ;
--------------------------------------------------------
--  DDL for Sequence UCODE_SEQ
--------------------------------------------------------

   CREATE SEQUENCE  "TEST"."UCODE_SEQ"  MINVALUE 1 MAXVALUE 9999999999999999999999999999 INCREMENT BY 1 START WITH 101 CACHE 20 NOORDER  NOCYCLE ;
--------------------------------------------------------
--  DDL for Table CATEGORY
--------------------------------------------------------

  CREATE TABLE "TEST"."CATEGORY" 
   (	"CATE_NUM" NUMBER, 
	"PARENT_NUM" NUMBER, 
	"CATE_NAME" VARCHAR2(30 BYTE)
   ) SEGMENT CREATION IMMEDIATE 
  PCTFREE 10 PCTUSED 40 INITRANS 1 MAXTRANS 255 NOCOMPRESS LOGGING
  STORAGE(INITIAL 65536 NEXT 1048576 MINEXTENTS 1 MAXEXTENTS 2147483645
  PCTINCREASE 0 FREELISTS 1 FREELIST GROUPS 1 BUFFER_POOL DEFAULT FLASH_CACHE DEFAULT CELL_FLASH_CACHE DEFAULT)
  TABLESPACE "SYSTEM" ;
--------------------------------------------------------
--  DDL for Table MEMBER
--------------------------------------------------------

  CREATE TABLE "TEST"."MEMBER" 
   (	"UCODE" NUMBER, 
	"ID" VARCHAR2(30 BYTE), 
	"PW" VARCHAR2(30 BYTE), 
	"NAME" VARCHAR2(15 BYTE), 
	"EMAIL" VARCHAR2(50 BYTE), 
	"SESSIONKEY" VARCHAR2(50 BYTE), 
	"SESSIONLIMIT" TIMESTAMP (6)
   ) SEGMENT CREATION IMMEDIATE 
  PCTFREE 10 PCTUSED 40 INITRANS 1 MAXTRANS 255 NOCOMPRESS LOGGING
  STORAGE(INITIAL 65536 NEXT 1048576 MINEXTENTS 1 MAXEXTENTS 2147483645
  PCTINCREASE 0 FREELISTS 1 FREELIST GROUPS 1 BUFFER_POOL DEFAULT FLASH_CACHE DEFAULT CELL_FLASH_CACHE DEFAULT)
  TABLESPACE "SYSTEM" ;
--------------------------------------------------------
--  DDL for Table OPTIONS
--------------------------------------------------------

  CREATE TABLE "TEST"."OPTIONS" 
   (	"OP_NUM" NUMBER, 
	"PROD_NUM" NUMBER, 
	"OP_DEP1_NAME" VARCHAR2(30 BYTE), 
	"OP_DEP2_NAME" VARCHAR2(30 BYTE), 
	"OP_DEP1_VALUE" VARCHAR2(30 BYTE), 
	"OP_DEP2_VALUE" VARCHAR2(30 BYTE), 
	"OP_ADD_PRICE" NUMBER, 
	"OP_STATE" VARCHAR2(15 BYTE), 
	"OP_QUANTITY" NUMBER
   ) SEGMENT CREATION IMMEDIATE 
  PCTFREE 10 PCTUSED 40 INITRANS 1 MAXTRANS 255 NOCOMPRESS LOGGING
  STORAGE(INITIAL 65536 NEXT 1048576 MINEXTENTS 1 MAXEXTENTS 2147483645
  PCTINCREASE 0 FREELISTS 1 FREELIST GROUPS 1 BUFFER_POOL DEFAULT FLASH_CACHE DEFAULT CELL_FLASH_CACHE DEFAULT)
  TABLESPACE "SYSTEM" ;
--------------------------------------------------------
--  DDL for Table ORDERS
--------------------------------------------------------

  CREATE TABLE "TEST"."ORDERS" 
   (	"ORDERS_NUM" NUMBER, 
	"PROD_NUM" NUMBER, 
	"ORDERER" NUMBER, 
	"SELLER" NUMBER, 
	"ORDERS_ADDRESS" VARCHAR2(150 BYTE), 
	"ORDERS_PAYMENT" NUMBER, 
	"ORDERS_QUANTITY" NUMBER, 
	"ORDERS_OPTION" CHAR(3 BYTE), 
	"ORDERS_DATE" DATE DEFAULT systimestamp, 
	"ORDERS_STATE" VARCHAR2(20 BYTE) DEFAULT '거래완료'
   ) SEGMENT CREATION IMMEDIATE 
  PCTFREE 10 PCTUSED 40 INITRANS 1 MAXTRANS 255 NOCOMPRESS LOGGING
  STORAGE(INITIAL 65536 NEXT 1048576 MINEXTENTS 1 MAXEXTENTS 2147483645
  PCTINCREASE 0 FREELISTS 1 FREELIST GROUPS 1 BUFFER_POOL DEFAULT FLASH_CACHE DEFAULT CELL_FLASH_CACHE DEFAULT)
  TABLESPACE "SYSTEM" ;
--------------------------------------------------------
--  DDL for Table ORDER_DETAILS
--------------------------------------------------------

  CREATE TABLE "TEST"."ORDER_DETAILS" 
   (	"DETAILS_NUM" NUMBER, 
	"ORDERS_NUM" NUMBER, 
	"PROD_NUM" NUMBER, 
	"DETAILS_QUANTITY" NUMBER, 
	"OP_NUM" NUMBER
   ) SEGMENT CREATION IMMEDIATE 
  PCTFREE 10 PCTUSED 40 INITRANS 1 MAXTRANS 255 NOCOMPRESS LOGGING
  STORAGE(INITIAL 65536 NEXT 1048576 MINEXTENTS 1 MAXEXTENTS 2147483645
  PCTINCREASE 0 FREELISTS 1 FREELIST GROUPS 1 BUFFER_POOL DEFAULT FLASH_CACHE DEFAULT CELL_FLASH_CACHE DEFAULT)
  TABLESPACE "SYSTEM" ;
--------------------------------------------------------
--  DDL for Table PRODUCT
--------------------------------------------------------

  CREATE TABLE "TEST"."PRODUCT" 
   (	"PROD_NUM" NUMBER, 
	"UCODE" NUMBER, 
	"PROD_DEP1" NUMBER, 
	"PROD_DEP2" NUMBER, 
	"PROD_NAME" VARCHAR2(150 BYTE), 
	"PROD_PRICE" NUMBER, 
	"PROD_QUANTITY" NUMBER, 
	"PROD_DESCRIPTION" VARCHAR2(100 BYTE), 
	"PROD_OPTION" CHAR(1 BYTE), 
	"PROD_PURCHASES" NUMBER DEFAULT 0, 
	"PROD_THUMB0" VARCHAR2(300 BYTE), 
	"PROD_THUMB1" VARCHAR2(300 BYTE), 
	"PROD_THUMB2" VARCHAR2(300 BYTE)
   ) SEGMENT CREATION IMMEDIATE 
  PCTFREE 10 PCTUSED 40 INITRANS 1 MAXTRANS 255 NOCOMPRESS LOGGING
  STORAGE(INITIAL 65536 NEXT 1048576 MINEXTENTS 1 MAXEXTENTS 2147483645
  PCTINCREASE 0 FREELISTS 1 FREELIST GROUPS 1 BUFFER_POOL DEFAULT FLASH_CACHE DEFAULT CELL_FLASH_CACHE DEFAULT)
  TABLESPACE "SYSTEM" ;
--------------------------------------------------------
--  DDL for Table REVIEW
--------------------------------------------------------

  CREATE TABLE "TEST"."REVIEW" 
   (	"REVIEW_NUM" NUMBER, 
	"PROD_NUM" NUMBER, 
	"REVIEW_WRITER" NUMBER, 
	"REVIEW_CONTENT" VARCHAR2(1000 BYTE), 
	"REVIEW_RATING" NUMBER, 
	"ORDERS_NUM" NUMBER
   ) SEGMENT CREATION IMMEDIATE 
  PCTFREE 10 PCTUSED 40 INITRANS 1 MAXTRANS 255 NOCOMPRESS LOGGING
  STORAGE(INITIAL 65536 NEXT 1048576 MINEXTENTS 1 MAXEXTENTS 2147483645
  PCTINCREASE 0 FREELISTS 1 FREELIST GROUPS 1 BUFFER_POOL DEFAULT FLASH_CACHE DEFAULT CELL_FLASH_CACHE DEFAULT)
  TABLESPACE "SYSTEM" ;
REM INSERTING into TEST.CATEGORY
SET DEFINE OFF;
Insert into TEST.CATEGORY (CATE_NUM,PARENT_NUM,CATE_NAME) values (1,null,'패션');
Insert into TEST.CATEGORY (CATE_NUM,PARENT_NUM,CATE_NAME) values (2,null,'뷰티');
Insert into TEST.CATEGORY (CATE_NUM,PARENT_NUM,CATE_NAME) values (3,null,'가전');
Insert into TEST.CATEGORY (CATE_NUM,PARENT_NUM,CATE_NAME) values (4,null,'식품');
Insert into TEST.CATEGORY (CATE_NUM,PARENT_NUM,CATE_NAME) values (5,null,'스포츠');
Insert into TEST.CATEGORY (CATE_NUM,PARENT_NUM,CATE_NAME) values (6,1,'여성의류');
Insert into TEST.CATEGORY (CATE_NUM,PARENT_NUM,CATE_NAME) values (7,1,'남성의류');
Insert into TEST.CATEGORY (CATE_NUM,PARENT_NUM,CATE_NAME) values (8,2,'화장품');
Insert into TEST.CATEGORY (CATE_NUM,PARENT_NUM,CATE_NAME) values (9,2,'바디');
Insert into TEST.CATEGORY (CATE_NUM,PARENT_NUM,CATE_NAME) values (10,3,'주방가전');
Insert into TEST.CATEGORY (CATE_NUM,PARENT_NUM,CATE_NAME) values (11,3,'디지털');
Insert into TEST.CATEGORY (CATE_NUM,PARENT_NUM,CATE_NAME) values (12,4,'가공식품');
Insert into TEST.CATEGORY (CATE_NUM,PARENT_NUM,CATE_NAME) values (13,4,'건강식품');
Insert into TEST.CATEGORY (CATE_NUM,PARENT_NUM,CATE_NAME) values (14,5,'등산');
Insert into TEST.CATEGORY (CATE_NUM,PARENT_NUM,CATE_NAME) values (15,5,'자전거');
REM INSERTING into TEST.MEMBER
SET DEFINE OFF;
Insert into TEST.MEMBER (UCODE,ID,PW,NAME,EMAIL,SESSIONKEY,SESSIONLIMIT) values (61,'mnj190','123123123','조정민','mnj190@naver.com','79CA5E3F34DB88EF51BD70A08A8A7FCD',to_timestamp('20/10/18 13:21:51.000000000','RR/MM/DD HH24:MI:SSXFF'));
Insert into TEST.MEMBER (UCODE,ID,PW,NAME,EMAIL,SESSIONKEY,SESSIONLIMIT) values (81,'mnj191','123123123','정민','mnj190@naver.com',null,null);
Insert into TEST.MEMBER (UCODE,ID,PW,NAME,EMAIL,SESSIONKEY,SESSIONLIMIT) values (86,'mnj1911','123123123','테스터','trswet@asdasd.com',null,null);
Insert into TEST.MEMBER (UCODE,ID,PW,NAME,EMAIL,SESSIONKEY,SESSIONLIMIT) values (83,'mnj192','123123123','정민','mnj190@naver.com',null,null);
Insert into TEST.MEMBER (UCODE,ID,PW,NAME,EMAIL,SESSIONKEY,SESSIONLIMIT) values (84,'mnj195','123123123','테스트','test11@test.com',null,null);
Insert into TEST.MEMBER (UCODE,ID,PW,NAME,EMAIL,SESSIONKEY,SESSIONLIMIT) values (85,'mnj196','123123123','테스터','test@test.com',null,null);
Insert into TEST.MEMBER (UCODE,ID,PW,NAME,EMAIL,SESSIONKEY,SESSIONLIMIT) values (87,'test1234','123123123','테스터','test@test.com',null,null);
Insert into TEST.MEMBER (UCODE,ID,PW,NAME,EMAIL,SESSIONKEY,SESSIONLIMIT) values (88,'test123456','123123123','테스터','test@test.com',null,null);
Insert into TEST.MEMBER (UCODE,ID,PW,NAME,EMAIL,SESSIONKEY,SESSIONLIMIT) values (89,'test123123','123123123','테스터','test@test.com',null,null);
Insert into TEST.MEMBER (UCODE,ID,PW,NAME,EMAIL,SESSIONKEY,SESSIONLIMIT) values (90,'test999','123123123','테스터','test999@test.com',null,null);
REM INSERTING into TEST.OPTIONS
SET DEFINE OFF;
Insert into TEST.OPTIONS (OP_NUM,PROD_NUM,OP_DEP1_NAME,OP_DEP2_NAME,OP_DEP1_VALUE,OP_DEP2_VALUE,OP_ADD_PRICE,OP_STATE,OP_QUANTITY) values (43,124,'사이즈','컬러','L',' 검정',1000,'판매가능',100);
Insert into TEST.OPTIONS (OP_NUM,PROD_NUM,OP_DEP1_NAME,OP_DEP2_NAME,OP_DEP1_VALUE,OP_DEP2_VALUE,OP_ADD_PRICE,OP_STATE,OP_QUANTITY) values (44,124,'사이즈','컬러','M','빨강',1000,'판매가능',100);
Insert into TEST.OPTIONS (OP_NUM,PROD_NUM,OP_DEP1_NAME,OP_DEP2_NAME,OP_DEP1_VALUE,OP_DEP2_VALUE,OP_ADD_PRICE,OP_STATE,OP_QUANTITY) values (45,124,'사이즈','컬러','M',' 파랑',10000,'판매가능',100);
Insert into TEST.OPTIONS (OP_NUM,PROD_NUM,OP_DEP1_NAME,OP_DEP2_NAME,OP_DEP1_VALUE,OP_DEP2_VALUE,OP_ADD_PRICE,OP_STATE,OP_QUANTITY) values (46,124,'사이즈','컬러','M',' 검정',10000,'판매가능',100);
Insert into TEST.OPTIONS (OP_NUM,PROD_NUM,OP_DEP1_NAME,OP_DEP2_NAME,OP_DEP1_VALUE,OP_DEP2_VALUE,OP_ADD_PRICE,OP_STATE,OP_QUANTITY) values (47,124,'사이즈','컬러','S','빨강',10000,'판매가능',100);
Insert into TEST.OPTIONS (OP_NUM,PROD_NUM,OP_DEP1_NAME,OP_DEP2_NAME,OP_DEP1_VALUE,OP_DEP2_VALUE,OP_ADD_PRICE,OP_STATE,OP_QUANTITY) values (48,124,'사이즈','컬러','S',' 파랑',0,'판매가능',100);
Insert into TEST.OPTIONS (OP_NUM,PROD_NUM,OP_DEP1_NAME,OP_DEP2_NAME,OP_DEP1_VALUE,OP_DEP2_VALUE,OP_ADD_PRICE,OP_STATE,OP_QUANTITY) values (49,124,'사이즈','컬러','S',' 검정',0,'판매가능',100);
Insert into TEST.OPTIONS (OP_NUM,PROD_NUM,OP_DEP1_NAME,OP_DEP2_NAME,OP_DEP1_VALUE,OP_DEP2_VALUE,OP_ADD_PRICE,OP_STATE,OP_QUANTITY) values (50,135,'용량','컬러','256','실버',0,'판매가능',9999);
Insert into TEST.OPTIONS (OP_NUM,PROD_NUM,OP_DEP1_NAME,OP_DEP2_NAME,OP_DEP1_VALUE,OP_DEP2_VALUE,OP_ADD_PRICE,OP_STATE,OP_QUANTITY) values (51,135,'용량','컬러','256',' 골드',0,'판매가능',9999);
Insert into TEST.OPTIONS (OP_NUM,PROD_NUM,OP_DEP1_NAME,OP_DEP2_NAME,OP_DEP1_VALUE,OP_DEP2_VALUE,OP_ADD_PRICE,OP_STATE,OP_QUANTITY) values (52,135,'용량','컬러','512','실버',3000000,'판매가능',9999);
Insert into TEST.OPTIONS (OP_NUM,PROD_NUM,OP_DEP1_NAME,OP_DEP2_NAME,OP_DEP1_VALUE,OP_DEP2_VALUE,OP_ADD_PRICE,OP_STATE,OP_QUANTITY) values (53,135,'용량','컬러','512',' 골드',30000,'판매가능',9999);
Insert into TEST.OPTIONS (OP_NUM,PROD_NUM,OP_DEP1_NAME,OP_DEP2_NAME,OP_DEP1_VALUE,OP_DEP2_VALUE,OP_ADD_PRICE,OP_STATE,OP_QUANTITY) values (41,124,'사이즈','컬러','L','빨강',0,'판매가능',100);
Insert into TEST.OPTIONS (OP_NUM,PROD_NUM,OP_DEP1_NAME,OP_DEP2_NAME,OP_DEP1_VALUE,OP_DEP2_VALUE,OP_ADD_PRICE,OP_STATE,OP_QUANTITY) values (54,135,'용량','컬러','1TB','실버',500000,'판매가능',9999);
Insert into TEST.OPTIONS (OP_NUM,PROD_NUM,OP_DEP1_NAME,OP_DEP2_NAME,OP_DEP1_VALUE,OP_DEP2_VALUE,OP_ADD_PRICE,OP_STATE,OP_QUANTITY) values (55,135,'용량','컬러','1TB',' 골드',500000,'판매가능',9999);
Insert into TEST.OPTIONS (OP_NUM,PROD_NUM,OP_DEP1_NAME,OP_DEP2_NAME,OP_DEP1_VALUE,OP_DEP2_VALUE,OP_ADD_PRICE,OP_STATE,OP_QUANTITY) values (42,124,'사이즈','컬러','L',' 파랑',1000,'판매가능',100);
Insert into TEST.OPTIONS (OP_NUM,PROD_NUM,OP_DEP1_NAME,OP_DEP2_NAME,OP_DEP1_VALUE,OP_DEP2_VALUE,OP_ADD_PRICE,OP_STATE,OP_QUANTITY) values (56,136,'용량','컬러','256gb','골드',0,'판매가능',9999);
Insert into TEST.OPTIONS (OP_NUM,PROD_NUM,OP_DEP1_NAME,OP_DEP2_NAME,OP_DEP1_VALUE,OP_DEP2_VALUE,OP_ADD_PRICE,OP_STATE,OP_QUANTITY) values (57,136,'용량','컬러','256gb','실버',0,'판매가능',9999);
Insert into TEST.OPTIONS (OP_NUM,PROD_NUM,OP_DEP1_NAME,OP_DEP2_NAME,OP_DEP1_VALUE,OP_DEP2_VALUE,OP_ADD_PRICE,OP_STATE,OP_QUANTITY) values (58,136,'용량','컬러','512gb','골드',300000,'판매가능',9999);
Insert into TEST.OPTIONS (OP_NUM,PROD_NUM,OP_DEP1_NAME,OP_DEP2_NAME,OP_DEP1_VALUE,OP_DEP2_VALUE,OP_ADD_PRICE,OP_STATE,OP_QUANTITY) values (59,136,'용량','컬러','512gb','실버',300000,'판매가능',9999);
Insert into TEST.OPTIONS (OP_NUM,PROD_NUM,OP_DEP1_NAME,OP_DEP2_NAME,OP_DEP1_VALUE,OP_DEP2_VALUE,OP_ADD_PRICE,OP_STATE,OP_QUANTITY) values (60,136,'용량','컬러','1tb','골드',500000,'판매가능',9999);
Insert into TEST.OPTIONS (OP_NUM,PROD_NUM,OP_DEP1_NAME,OP_DEP2_NAME,OP_DEP1_VALUE,OP_DEP2_VALUE,OP_ADD_PRICE,OP_STATE,OP_QUANTITY) values (61,136,'용량','컬러','1tb','실버',500000,'판매가능',9999);
Insert into TEST.OPTIONS (OP_NUM,PROD_NUM,OP_DEP1_NAME,OP_DEP2_NAME,OP_DEP1_VALUE,OP_DEP2_VALUE,OP_ADD_PRICE,OP_STATE,OP_QUANTITY) values (62,137,'용량','컬러','256GB','골드',0,'판매가능',9999);
Insert into TEST.OPTIONS (OP_NUM,PROD_NUM,OP_DEP1_NAME,OP_DEP2_NAME,OP_DEP1_VALUE,OP_DEP2_VALUE,OP_ADD_PRICE,OP_STATE,OP_QUANTITY) values (63,137,'용량','컬러','256GB',' 실버',0,'판매가능',9999);
Insert into TEST.OPTIONS (OP_NUM,PROD_NUM,OP_DEP1_NAME,OP_DEP2_NAME,OP_DEP1_VALUE,OP_DEP2_VALUE,OP_ADD_PRICE,OP_STATE,OP_QUANTITY) values (64,137,'용량','컬러','256GB',' 로즈골드',0,'판매가능',9999);
Insert into TEST.OPTIONS (OP_NUM,PROD_NUM,OP_DEP1_NAME,OP_DEP2_NAME,OP_DEP1_VALUE,OP_DEP2_VALUE,OP_ADD_PRICE,OP_STATE,OP_QUANTITY) values (65,137,'용량','컬러','512GB','골드',300000,'판매가능',9999);
Insert into TEST.OPTIONS (OP_NUM,PROD_NUM,OP_DEP1_NAME,OP_DEP2_NAME,OP_DEP1_VALUE,OP_DEP2_VALUE,OP_ADD_PRICE,OP_STATE,OP_QUANTITY) values (66,137,'용량','컬러','512GB',' 실버',300000,'판매가능',9999);
Insert into TEST.OPTIONS (OP_NUM,PROD_NUM,OP_DEP1_NAME,OP_DEP2_NAME,OP_DEP1_VALUE,OP_DEP2_VALUE,OP_ADD_PRICE,OP_STATE,OP_QUANTITY) values (67,137,'용량','컬러','512GB',' 로즈골드',300000,'판매가능',9999);
Insert into TEST.OPTIONS (OP_NUM,PROD_NUM,OP_DEP1_NAME,OP_DEP2_NAME,OP_DEP1_VALUE,OP_DEP2_VALUE,OP_ADD_PRICE,OP_STATE,OP_QUANTITY) values (68,137,'용량','컬러','1TB','골드',500000,'판매가능',9999);
Insert into TEST.OPTIONS (OP_NUM,PROD_NUM,OP_DEP1_NAME,OP_DEP2_NAME,OP_DEP1_VALUE,OP_DEP2_VALUE,OP_ADD_PRICE,OP_STATE,OP_QUANTITY) values (69,137,'용량','컬러','1TB',' 실버',500000,'판매가능',9999);
Insert into TEST.OPTIONS (OP_NUM,PROD_NUM,OP_DEP1_NAME,OP_DEP2_NAME,OP_DEP1_VALUE,OP_DEP2_VALUE,OP_ADD_PRICE,OP_STATE,OP_QUANTITY) values (70,137,'용량','컬러','1TB',' 로즈골드',500000,'판매가능',9999);
REM INSERTING into TEST.ORDERS
SET DEFINE OFF;
Insert into TEST.ORDERS (ORDERS_NUM,PROD_NUM,ORDERER,SELLER,ORDERS_ADDRESS,ORDERS_PAYMENT,ORDERS_QUANTITY,ORDERS_OPTION,ORDERS_DATE,ORDERS_STATE) values (64,130,61,61,null,10000,1,'f  ',to_date('20/10/18','RR/MM/DD'),'거래완료');
Insert into TEST.ORDERS (ORDERS_NUM,PROD_NUM,ORDERER,SELLER,ORDERS_ADDRESS,ORDERS_PAYMENT,ORDERS_QUANTITY,ORDERS_OPTION,ORDERS_DATE,ORDERS_STATE) values (65,130,61,61,null,10000,1,'f  ',to_date('20/10/18','RR/MM/DD'),'거래완료');
Insert into TEST.ORDERS (ORDERS_NUM,PROD_NUM,ORDERER,SELLER,ORDERS_ADDRESS,ORDERS_PAYMENT,ORDERS_QUANTITY,ORDERS_OPTION,ORDERS_DATE,ORDERS_STATE) values (66,130,61,61,null,10000,1,'f  ',to_date('20/10/18','RR/MM/DD'),'거래완료');
Insert into TEST.ORDERS (ORDERS_NUM,PROD_NUM,ORDERER,SELLER,ORDERS_ADDRESS,ORDERS_PAYMENT,ORDERS_QUANTITY,ORDERS_OPTION,ORDERS_DATE,ORDERS_STATE) values (67,130,61,61,null,10000,1,'f  ',to_date('20/10/18','RR/MM/DD'),'거래완료');
Insert into TEST.ORDERS (ORDERS_NUM,PROD_NUM,ORDERER,SELLER,ORDERS_ADDRESS,ORDERS_PAYMENT,ORDERS_QUANTITY,ORDERS_OPTION,ORDERS_DATE,ORDERS_STATE) values (68,130,61,61,null,10000,1,'f  ',to_date('20/10/18','RR/MM/DD'),'거래완료');
Insert into TEST.ORDERS (ORDERS_NUM,PROD_NUM,ORDERER,SELLER,ORDERS_ADDRESS,ORDERS_PAYMENT,ORDERS_QUANTITY,ORDERS_OPTION,ORDERS_DATE,ORDERS_STATE) values (69,130,61,61,null,10000,1,'f  ',to_date('20/10/18','RR/MM/DD'),'거래완료');
Insert into TEST.ORDERS (ORDERS_NUM,PROD_NUM,ORDERER,SELLER,ORDERS_ADDRESS,ORDERS_PAYMENT,ORDERS_QUANTITY,ORDERS_OPTION,ORDERS_DATE,ORDERS_STATE) values (70,130,61,61,null,10000,1,'f  ',to_date('20/10/18','RR/MM/DD'),'거래완료');
Insert into TEST.ORDERS (ORDERS_NUM,PROD_NUM,ORDERER,SELLER,ORDERS_ADDRESS,ORDERS_PAYMENT,ORDERS_QUANTITY,ORDERS_OPTION,ORDERS_DATE,ORDERS_STATE) values (71,130,61,61,null,10000,1,'f  ',to_date('20/10/18','RR/MM/DD'),'거래완료');
Insert into TEST.ORDERS (ORDERS_NUM,PROD_NUM,ORDERER,SELLER,ORDERS_ADDRESS,ORDERS_PAYMENT,ORDERS_QUANTITY,ORDERS_OPTION,ORDERS_DATE,ORDERS_STATE) values (72,130,61,61,null,10000,1,'f  ',to_date('20/10/18','RR/MM/DD'),'거래완료');
Insert into TEST.ORDERS (ORDERS_NUM,PROD_NUM,ORDERER,SELLER,ORDERS_ADDRESS,ORDERS_PAYMENT,ORDERS_QUANTITY,ORDERS_OPTION,ORDERS_DATE,ORDERS_STATE) values (73,127,61,61,null,43000,1,'f  ',to_date('20/10/18','RR/MM/DD'),'거래완료');
Insert into TEST.ORDERS (ORDERS_NUM,PROD_NUM,ORDERER,SELLER,ORDERS_ADDRESS,ORDERS_PAYMENT,ORDERS_QUANTITY,ORDERS_OPTION,ORDERS_DATE,ORDERS_STATE) values (74,127,61,61,null,43000,1,'f  ',to_date('20/10/18','RR/MM/DD'),'거래완료');
Insert into TEST.ORDERS (ORDERS_NUM,PROD_NUM,ORDERER,SELLER,ORDERS_ADDRESS,ORDERS_PAYMENT,ORDERS_QUANTITY,ORDERS_OPTION,ORDERS_DATE,ORDERS_STATE) values (75,127,61,61,null,43000,1,'f  ',to_date('20/10/18','RR/MM/DD'),'거래완료');
Insert into TEST.ORDERS (ORDERS_NUM,PROD_NUM,ORDERER,SELLER,ORDERS_ADDRESS,ORDERS_PAYMENT,ORDERS_QUANTITY,ORDERS_OPTION,ORDERS_DATE,ORDERS_STATE) values (76,127,61,61,null,43000,1,'f  ',to_date('20/10/18','RR/MM/DD'),'거래완료');
Insert into TEST.ORDERS (ORDERS_NUM,PROD_NUM,ORDERER,SELLER,ORDERS_ADDRESS,ORDERS_PAYMENT,ORDERS_QUANTITY,ORDERS_OPTION,ORDERS_DATE,ORDERS_STATE) values (77,127,61,61,null,43000,1,'f  ',to_date('20/10/18','RR/MM/DD'),'거래완료');
Insert into TEST.ORDERS (ORDERS_NUM,PROD_NUM,ORDERER,SELLER,ORDERS_ADDRESS,ORDERS_PAYMENT,ORDERS_QUANTITY,ORDERS_OPTION,ORDERS_DATE,ORDERS_STATE) values (78,127,61,61,null,43000,1,'f  ',to_date('20/10/18','RR/MM/DD'),'거래완료');
Insert into TEST.ORDERS (ORDERS_NUM,PROD_NUM,ORDERER,SELLER,ORDERS_ADDRESS,ORDERS_PAYMENT,ORDERS_QUANTITY,ORDERS_OPTION,ORDERS_DATE,ORDERS_STATE) values (79,127,61,61,null,43000,1,'f  ',to_date('20/10/18','RR/MM/DD'),'거래완료');
Insert into TEST.ORDERS (ORDERS_NUM,PROD_NUM,ORDERER,SELLER,ORDERS_ADDRESS,ORDERS_PAYMENT,ORDERS_QUANTITY,ORDERS_OPTION,ORDERS_DATE,ORDERS_STATE) values (80,127,61,61,null,43000,1,'f  ',to_date('20/10/18','RR/MM/DD'),'거래완료');
Insert into TEST.ORDERS (ORDERS_NUM,PROD_NUM,ORDERER,SELLER,ORDERS_ADDRESS,ORDERS_PAYMENT,ORDERS_QUANTITY,ORDERS_OPTION,ORDERS_DATE,ORDERS_STATE) values (81,127,61,61,null,43000,1,'f  ',to_date('20/10/18','RR/MM/DD'),'거래완료');
Insert into TEST.ORDERS (ORDERS_NUM,PROD_NUM,ORDERER,SELLER,ORDERS_ADDRESS,ORDERS_PAYMENT,ORDERS_QUANTITY,ORDERS_OPTION,ORDERS_DATE,ORDERS_STATE) values (82,127,61,61,null,43000,1,'f  ',to_date('20/10/18','RR/MM/DD'),'거래완료');
Insert into TEST.ORDERS (ORDERS_NUM,PROD_NUM,ORDERER,SELLER,ORDERS_ADDRESS,ORDERS_PAYMENT,ORDERS_QUANTITY,ORDERS_OPTION,ORDERS_DATE,ORDERS_STATE) values (83,128,61,61,null,1230000,1,'f  ',to_date('20/10/18','RR/MM/DD'),'거래완료');
Insert into TEST.ORDERS (ORDERS_NUM,PROD_NUM,ORDERER,SELLER,ORDERS_ADDRESS,ORDERS_PAYMENT,ORDERS_QUANTITY,ORDERS_OPTION,ORDERS_DATE,ORDERS_STATE) values (84,128,61,61,null,1230000,1,'f  ',to_date('20/10/18','RR/MM/DD'),'거래완료');
Insert into TEST.ORDERS (ORDERS_NUM,PROD_NUM,ORDERER,SELLER,ORDERS_ADDRESS,ORDERS_PAYMENT,ORDERS_QUANTITY,ORDERS_OPTION,ORDERS_DATE,ORDERS_STATE) values (85,128,61,61,null,1230000,1,'f  ',to_date('20/10/18','RR/MM/DD'),'거래완료');
Insert into TEST.ORDERS (ORDERS_NUM,PROD_NUM,ORDERER,SELLER,ORDERS_ADDRESS,ORDERS_PAYMENT,ORDERS_QUANTITY,ORDERS_OPTION,ORDERS_DATE,ORDERS_STATE) values (86,128,61,61,null,1230000,1,'f  ',to_date('20/10/18','RR/MM/DD'),'거래완료');
Insert into TEST.ORDERS (ORDERS_NUM,PROD_NUM,ORDERER,SELLER,ORDERS_ADDRESS,ORDERS_PAYMENT,ORDERS_QUANTITY,ORDERS_OPTION,ORDERS_DATE,ORDERS_STATE) values (87,131,61,61,null,50000,1,'f  ',to_date('20/10/18','RR/MM/DD'),'거래완료');
Insert into TEST.ORDERS (ORDERS_NUM,PROD_NUM,ORDERER,SELLER,ORDERS_ADDRESS,ORDERS_PAYMENT,ORDERS_QUANTITY,ORDERS_OPTION,ORDERS_DATE,ORDERS_STATE) values (88,131,61,61,null,50000,1,'f  ',to_date('20/10/18','RR/MM/DD'),'거래완료');
Insert into TEST.ORDERS (ORDERS_NUM,PROD_NUM,ORDERER,SELLER,ORDERS_ADDRESS,ORDERS_PAYMENT,ORDERS_QUANTITY,ORDERS_OPTION,ORDERS_DATE,ORDERS_STATE) values (89,131,61,61,null,50000,1,'f  ',to_date('20/10/18','RR/MM/DD'),'거래완료');
Insert into TEST.ORDERS (ORDERS_NUM,PROD_NUM,ORDERER,SELLER,ORDERS_ADDRESS,ORDERS_PAYMENT,ORDERS_QUANTITY,ORDERS_OPTION,ORDERS_DATE,ORDERS_STATE) values (90,130,61,61,null,10000,1,'f  ',to_date('20/10/18','RR/MM/DD'),'거래완료');
Insert into TEST.ORDERS (ORDERS_NUM,PROD_NUM,ORDERER,SELLER,ORDERS_ADDRESS,ORDERS_PAYMENT,ORDERS_QUANTITY,ORDERS_OPTION,ORDERS_DATE,ORDERS_STATE) values (91,130,61,61,null,10000,1,'f  ',to_date('20/10/18','RR/MM/DD'),'거래완료');
Insert into TEST.ORDERS (ORDERS_NUM,PROD_NUM,ORDERER,SELLER,ORDERS_ADDRESS,ORDERS_PAYMENT,ORDERS_QUANTITY,ORDERS_OPTION,ORDERS_DATE,ORDERS_STATE) values (92,130,61,61,null,10000,1,'f  ',to_date('20/10/18','RR/MM/DD'),'거래완료');
Insert into TEST.ORDERS (ORDERS_NUM,PROD_NUM,ORDERER,SELLER,ORDERS_ADDRESS,ORDERS_PAYMENT,ORDERS_QUANTITY,ORDERS_OPTION,ORDERS_DATE,ORDERS_STATE) values (93,126,61,61,null,155000,1,'f  ',to_date('20/10/18','RR/MM/DD'),'거래완료');
Insert into TEST.ORDERS (ORDERS_NUM,PROD_NUM,ORDERER,SELLER,ORDERS_ADDRESS,ORDERS_PAYMENT,ORDERS_QUANTITY,ORDERS_OPTION,ORDERS_DATE,ORDERS_STATE) values (94,126,61,61,null,155000,1,'f  ',to_date('20/10/18','RR/MM/DD'),'거래완료');
Insert into TEST.ORDERS (ORDERS_NUM,PROD_NUM,ORDERER,SELLER,ORDERS_ADDRESS,ORDERS_PAYMENT,ORDERS_QUANTITY,ORDERS_OPTION,ORDERS_DATE,ORDERS_STATE) values (95,126,61,61,null,155000,1,'f  ',to_date('20/10/18','RR/MM/DD'),'거래완료');
Insert into TEST.ORDERS (ORDERS_NUM,PROD_NUM,ORDERER,SELLER,ORDERS_ADDRESS,ORDERS_PAYMENT,ORDERS_QUANTITY,ORDERS_OPTION,ORDERS_DATE,ORDERS_STATE) values (96,126,61,61,null,155000,1,'f  ',to_date('20/10/18','RR/MM/DD'),'거래완료');
Insert into TEST.ORDERS (ORDERS_NUM,PROD_NUM,ORDERER,SELLER,ORDERS_ADDRESS,ORDERS_PAYMENT,ORDERS_QUANTITY,ORDERS_OPTION,ORDERS_DATE,ORDERS_STATE) values (97,126,61,61,null,155000,1,'f  ',to_date('20/10/18','RR/MM/DD'),'거래완료');
Insert into TEST.ORDERS (ORDERS_NUM,PROD_NUM,ORDERER,SELLER,ORDERS_ADDRESS,ORDERS_PAYMENT,ORDERS_QUANTITY,ORDERS_OPTION,ORDERS_DATE,ORDERS_STATE) values (98,125,61,61,null,120000,1,'f  ',to_date('20/10/18','RR/MM/DD'),'거래완료');
Insert into TEST.ORDERS (ORDERS_NUM,PROD_NUM,ORDERER,SELLER,ORDERS_ADDRESS,ORDERS_PAYMENT,ORDERS_QUANTITY,ORDERS_OPTION,ORDERS_DATE,ORDERS_STATE) values (99,125,61,61,null,120000,1,'f  ',to_date('20/10/18','RR/MM/DD'),'거래완료');
Insert into TEST.ORDERS (ORDERS_NUM,PROD_NUM,ORDERER,SELLER,ORDERS_ADDRESS,ORDERS_PAYMENT,ORDERS_QUANTITY,ORDERS_OPTION,ORDERS_DATE,ORDERS_STATE) values (100,125,61,61,null,120000,1,'f  ',to_date('20/10/18','RR/MM/DD'),'거래완료');
Insert into TEST.ORDERS (ORDERS_NUM,PROD_NUM,ORDERER,SELLER,ORDERS_ADDRESS,ORDERS_PAYMENT,ORDERS_QUANTITY,ORDERS_OPTION,ORDERS_DATE,ORDERS_STATE) values (101,125,61,61,null,120000,1,'f  ',to_date('20/10/18','RR/MM/DD'),'거래완료');
Insert into TEST.ORDERS (ORDERS_NUM,PROD_NUM,ORDERER,SELLER,ORDERS_ADDRESS,ORDERS_PAYMENT,ORDERS_QUANTITY,ORDERS_OPTION,ORDERS_DATE,ORDERS_STATE) values (102,124,61,61,null,0,null,'B  ',to_date('20/10/18','RR/MM/DD'),'거래완료');
Insert into TEST.ORDERS (ORDERS_NUM,PROD_NUM,ORDERER,SELLER,ORDERS_ADDRESS,ORDERS_PAYMENT,ORDERS_QUANTITY,ORDERS_OPTION,ORDERS_DATE,ORDERS_STATE) values (103,124,61,61,null,0,null,'B  ',to_date('20/10/18','RR/MM/DD'),'거래완료');
Insert into TEST.ORDERS (ORDERS_NUM,PROD_NUM,ORDERER,SELLER,ORDERS_ADDRESS,ORDERS_PAYMENT,ORDERS_QUANTITY,ORDERS_OPTION,ORDERS_DATE,ORDERS_STATE) values (62,128,61,61,null,1230000,1,'f  ',to_date('20/10/18','RR/MM/DD'),'거래완료');
Insert into TEST.ORDERS (ORDERS_NUM,PROD_NUM,ORDERER,SELLER,ORDERS_ADDRESS,ORDERS_PAYMENT,ORDERS_QUANTITY,ORDERS_OPTION,ORDERS_DATE,ORDERS_STATE) values (63,130,61,61,null,10000,1,'f  ',to_date('20/10/18','RR/MM/DD'),'거래완료');
Insert into TEST.ORDERS (ORDERS_NUM,PROD_NUM,ORDERER,SELLER,ORDERS_ADDRESS,ORDERS_PAYMENT,ORDERS_QUANTITY,ORDERS_OPTION,ORDERS_DATE,ORDERS_STATE) values (104,124,61,61,null,0,null,'B  ',to_date('20/10/18','RR/MM/DD'),'거래완료');
Insert into TEST.ORDERS (ORDERS_NUM,PROD_NUM,ORDERER,SELLER,ORDERS_ADDRESS,ORDERS_PAYMENT,ORDERS_QUANTITY,ORDERS_OPTION,ORDERS_DATE,ORDERS_STATE) values (105,125,61,61,null,120000,1,'f  ',to_date('20/10/18','RR/MM/DD'),'거래완료');
Insert into TEST.ORDERS (ORDERS_NUM,PROD_NUM,ORDERER,SELLER,ORDERS_ADDRESS,ORDERS_PAYMENT,ORDERS_QUANTITY,ORDERS_OPTION,ORDERS_DATE,ORDERS_STATE) values (106,130,61,61,null,10000,1,'f  ',to_date('20/10/19','RR/MM/DD'),'거래완료');
Insert into TEST.ORDERS (ORDERS_NUM,PROD_NUM,ORDERER,SELLER,ORDERS_ADDRESS,ORDERS_PAYMENT,ORDERS_QUANTITY,ORDERS_OPTION,ORDERS_DATE,ORDERS_STATE) values (107,130,61,61,null,10000,1,'f  ',to_date('20/10/19','RR/MM/DD'),'거래완료');
Insert into TEST.ORDERS (ORDERS_NUM,PROD_NUM,ORDERER,SELLER,ORDERS_ADDRESS,ORDERS_PAYMENT,ORDERS_QUANTITY,ORDERS_OPTION,ORDERS_DATE,ORDERS_STATE) values (108,130,61,61,null,10000,1,'f  ',to_date('20/10/19','RR/MM/DD'),'거래완료');
Insert into TEST.ORDERS (ORDERS_NUM,PROD_NUM,ORDERER,SELLER,ORDERS_ADDRESS,ORDERS_PAYMENT,ORDERS_QUANTITY,ORDERS_OPTION,ORDERS_DATE,ORDERS_STATE) values (109,130,61,61,null,10000,1,'f  ',to_date('20/10/19','RR/MM/DD'),'거래완료');
Insert into TEST.ORDERS (ORDERS_NUM,PROD_NUM,ORDERER,SELLER,ORDERS_ADDRESS,ORDERS_PAYMENT,ORDERS_QUANTITY,ORDERS_OPTION,ORDERS_DATE,ORDERS_STATE) values (110,130,61,61,null,10000,1,'f  ',to_date('20/10/19','RR/MM/DD'),'거래완료');
Insert into TEST.ORDERS (ORDERS_NUM,PROD_NUM,ORDERER,SELLER,ORDERS_ADDRESS,ORDERS_PAYMENT,ORDERS_QUANTITY,ORDERS_OPTION,ORDERS_DATE,ORDERS_STATE) values (111,130,61,61,null,10000,1,'f  ',to_date('20/10/19','RR/MM/DD'),'거래완료');
Insert into TEST.ORDERS (ORDERS_NUM,PROD_NUM,ORDERER,SELLER,ORDERS_ADDRESS,ORDERS_PAYMENT,ORDERS_QUANTITY,ORDERS_OPTION,ORDERS_DATE,ORDERS_STATE) values (112,126,61,61,'02594서울 동대문구 전농동 646-19123123',775000,5,'f  ',to_date('20/10/19','RR/MM/DD'),'거래완료');
Insert into TEST.ORDERS (ORDERS_NUM,PROD_NUM,ORDERER,SELLER,ORDERS_ADDRESS,ORDERS_PAYMENT,ORDERS_QUANTITY,ORDERS_OPTION,ORDERS_DATE,ORDERS_STATE) values (113,129,61,61,'06035서울 강남구 가로수길 5111-111 (신사동)',15000,1,'f  ',to_date('20/10/19','RR/MM/DD'),'거래완료');
Insert into TEST.ORDERS (ORDERS_NUM,PROD_NUM,ORDERER,SELLER,ORDERS_ADDRESS,ORDERS_PAYMENT,ORDERS_QUANTITY,ORDERS_OPTION,ORDERS_DATE,ORDERS_STATE) values (114,136,89,89,'06035서울 강남구 가로수길 5111-111 (신사동)',10400000,null,'B  ',to_date('20/10/19','RR/MM/DD'),'거래완료');
Insert into TEST.ORDERS (ORDERS_NUM,PROD_NUM,ORDERER,SELLER,ORDERS_ADDRESS,ORDERS_PAYMENT,ORDERS_QUANTITY,ORDERS_OPTION,ORDERS_DATE,ORDERS_STATE) values (115,137,90,90,'06035서울 강남구 가로수길 5111-111 (신사동)',15600000,null,'B  ',to_date('20/10/19','RR/MM/DD'),'거래완료');
REM INSERTING into TEST.ORDER_DETAILS
SET DEFINE OFF;
Insert into TEST.ORDER_DETAILS (DETAILS_NUM,ORDERS_NUM,PROD_NUM,DETAILS_QUANTITY,OP_NUM) values (29,115,137,3,62);
Insert into TEST.ORDER_DETAILS (DETAILS_NUM,ORDERS_NUM,PROD_NUM,DETAILS_QUANTITY,OP_NUM) values (30,115,137,3,66);
Insert into TEST.ORDER_DETAILS (DETAILS_NUM,ORDERS_NUM,PROD_NUM,DETAILS_QUANTITY,OP_NUM) values (27,114,136,2,56);
Insert into TEST.ORDER_DETAILS (DETAILS_NUM,ORDERS_NUM,PROD_NUM,DETAILS_QUANTITY,OP_NUM) values (28,114,136,2,59);
REM INSERTING into TEST.PRODUCT
SET DEFINE OFF;
Insert into TEST.PRODUCT (PROD_NUM,UCODE,PROD_DEP1,PROD_DEP2,PROD_NAME,PROD_PRICE,PROD_QUANTITY,PROD_DESCRIPTION,PROD_OPTION,PROD_PURCHASES,PROD_THUMB0,PROD_THUMB1,PROD_THUMB2) values (126,61,1,6,'테스트 상품 3',155000,1000,'테스트 내용','f',0,'96110fc9-27ef-44cf-bf72-c55d22e85f1a.jpg',null,null);
Insert into TEST.PRODUCT (PROD_NUM,UCODE,PROD_DEP1,PROD_DEP2,PROD_NAME,PROD_PRICE,PROD_QUANTITY,PROD_DESCRIPTION,PROD_OPTION,PROD_PURCHASES,PROD_THUMB0,PROD_THUMB1,PROD_THUMB2) values (127,61,3,11,'마사지 건',43000,1000,'테스트 내용','f',0,'64ed20b6-e987-43ea-94e7-9bc48807f553.jpg',null,null);
Insert into TEST.PRODUCT (PROD_NUM,UCODE,PROD_DEP1,PROD_DEP2,PROD_NAME,PROD_PRICE,PROD_QUANTITY,PROD_DESCRIPTION,PROD_OPTION,PROD_PURCHASES,PROD_THUMB0,PROD_THUMB1,PROD_THUMB2) values (128,61,3,11,'울트라 HD TV 70inch',1230000,1000,'테스트 내용','f',0,'229399aa-d477-4947-9386-8eb15886ddca.jpg',null,null);
Insert into TEST.PRODUCT (PROD_NUM,UCODE,PROD_DEP1,PROD_DEP2,PROD_NAME,PROD_PRICE,PROD_QUANTITY,PROD_DESCRIPTION,PROD_OPTION,PROD_PURCHASES,PROD_THUMB0,PROD_THUMB1,PROD_THUMB2) values (129,61,4,12,'파이스토리 고구마 10KG',15000,1000,'테스트 내용','f',0,'f7845647-ecc3-4ccd-a807-383444b453b3.jpg',null,null);
Insert into TEST.PRODUCT (PROD_NUM,UCODE,PROD_DEP1,PROD_DEP2,PROD_NAME,PROD_PRICE,PROD_QUANTITY,PROD_DESCRIPTION,PROD_OPTION,PROD_PURCHASES,PROD_THUMB0,PROD_THUMB1,PROD_THUMB2) values (124,61,1,6,'테스트 상품 1',10000,0,'상품 등록 테스트','B',0,'e5ee9d02-94df-4200-bec4-a083b6ded8b6.jpg','2c8ee692-9fed-42e1-81de-f2e631b3e92c.jpg',null);
Insert into TEST.PRODUCT (PROD_NUM,UCODE,PROD_DEP1,PROD_DEP2,PROD_NAME,PROD_PRICE,PROD_QUANTITY,PROD_DESCRIPTION,PROD_OPTION,PROD_PURCHASES,PROD_THUMB0,PROD_THUMB1,PROD_THUMB2) values (125,61,1,6,'테스트 상품 2',120000,100,'테스트 내용','f',0,'e463465f-19e7-415d-a9ad-6952a6292e11.jpg',null,null);
Insert into TEST.PRODUCT (PROD_NUM,UCODE,PROD_DEP1,PROD_DEP2,PROD_NAME,PROD_PRICE,PROD_QUANTITY,PROD_DESCRIPTION,PROD_OPTION,PROD_PURCHASES,PROD_THUMB0,PROD_THUMB1,PROD_THUMB2) values (130,61,3,11,'부대찌개',10000,1000,'테스트 내용','f',0,'03e06ac5-abc3-4b78-b910-5113bd844f54.jpg',null,null);
Insert into TEST.PRODUCT (PROD_NUM,UCODE,PROD_DEP1,PROD_DEP2,PROD_NAME,PROD_PRICE,PROD_QUANTITY,PROD_DESCRIPTION,PROD_OPTION,PROD_PURCHASES,PROD_THUMB0,PROD_THUMB1,PROD_THUMB2) values (131,61,1,7,'키즈 아우터',50000,1000,'테스트 상품','f',0,'227dd1fb-0b5f-4eab-8d7e-b8d8a51eff2d.jpg',null,null);
Insert into TEST.PRODUCT (PROD_NUM,UCODE,PROD_DEP1,PROD_DEP2,PROD_NAME,PROD_PRICE,PROD_QUANTITY,PROD_DESCRIPTION,PROD_OPTION,PROD_PURCHASES,PROD_THUMB0,PROD_THUMB1,PROD_THUMB2) values (135,88,3,11,'애플 맥북프로 13형 MR9R2KH/A 그레이 터치바 512GB',2450000,0,'테스트 상품','B',0,'aa04b9e9-66fb-4165-86a6-f1a446e79dcb.jpg','5fa614e4-abbe-45fd-b64d-06ecbcaa08fa.jpg',null);
Insert into TEST.PRODUCT (PROD_NUM,UCODE,PROD_DEP1,PROD_DEP2,PROD_NAME,PROD_PRICE,PROD_QUANTITY,PROD_DESCRIPTION,PROD_OPTION,PROD_PURCHASES,PROD_THUMB0,PROD_THUMB1,PROD_THUMB2) values (136,89,3,11,' 애플 맥북프로 13형 MR9R2KH/A 그레이 터치바 512GB',2450000,0,'테스트상품','B',0,'87326592-4056-469f-8a06-0b40dfb2a536.jpg','7f428a8d-186c-4859-bb51-bac90d23544e.jpg',null);
Insert into TEST.PRODUCT (PROD_NUM,UCODE,PROD_DEP1,PROD_DEP2,PROD_NAME,PROD_PRICE,PROD_QUANTITY,PROD_DESCRIPTION,PROD_OPTION,PROD_PURCHASES,PROD_THUMB0,PROD_THUMB1,PROD_THUMB2) values (137,90,3,11,'애플 맥북프로 13형 MR9R2KH/A 그레이 터치바 512GB',2450000,0,'테스트상품','B',0,'cd040f21-9de6-475d-9a91-1442d14f2ce0.jpg','f95102c3-a4bd-4e3d-8a0b-0755d9ae4ead.jpg',null);
REM INSERTING into TEST.REVIEW
SET DEFINE OFF;
Insert into TEST.REVIEW (REVIEW_NUM,PROD_NUM,REVIEW_WRITER,REVIEW_CONTENT,REVIEW_RATING,ORDERS_NUM) values (24,124,61,'좋아요',4,104);
Insert into TEST.REVIEW (REVIEW_NUM,PROD_NUM,REVIEW_WRITER,REVIEW_CONTENT,REVIEW_RATING,ORDERS_NUM) values (25,124,61,'좋아요',3,103);
Insert into TEST.REVIEW (REVIEW_NUM,PROD_NUM,REVIEW_WRITER,REVIEW_CONTENT,REVIEW_RATING,ORDERS_NUM) values (26,124,61,'좋아요',2,102);
Insert into TEST.REVIEW (REVIEW_NUM,PROD_NUM,REVIEW_WRITER,REVIEW_CONTENT,REVIEW_RATING,ORDERS_NUM) values (22,130,61,'좋아요.',5,63);
Insert into TEST.REVIEW (REVIEW_NUM,PROD_NUM,REVIEW_WRITER,REVIEW_CONTENT,REVIEW_RATING,ORDERS_NUM) values (23,125,61,'좋아요',3,105);
Insert into TEST.REVIEW (REVIEW_NUM,PROD_NUM,REVIEW_WRITER,REVIEW_CONTENT,REVIEW_RATING,ORDERS_NUM) values (27,125,61,'좋아요',5,101);
Insert into TEST.REVIEW (REVIEW_NUM,PROD_NUM,REVIEW_WRITER,REVIEW_CONTENT,REVIEW_RATING,ORDERS_NUM) values (28,126,61,'좋아요',4,97);
Insert into TEST.REVIEW (REVIEW_NUM,PROD_NUM,REVIEW_WRITER,REVIEW_CONTENT,REVIEW_RATING,ORDERS_NUM) values (29,128,61,'좋아요',4,84);
Insert into TEST.REVIEW (REVIEW_NUM,PROD_NUM,REVIEW_WRITER,REVIEW_CONTENT,REVIEW_RATING,ORDERS_NUM) values (30,127,61,'좋아요',2,79);
Insert into TEST.REVIEW (REVIEW_NUM,PROD_NUM,REVIEW_WRITER,REVIEW_CONTENT,REVIEW_RATING,ORDERS_NUM) values (31,127,61,'좋아요',4,78);
Insert into TEST.REVIEW (REVIEW_NUM,PROD_NUM,REVIEW_WRITER,REVIEW_CONTENT,REVIEW_RATING,ORDERS_NUM) values (32,130,61,'좋아요',5,64);
Insert into TEST.REVIEW (REVIEW_NUM,PROD_NUM,REVIEW_WRITER,REVIEW_CONTENT,REVIEW_RATING,ORDERS_NUM) values (33,128,61,'좋아요',1,62);
Insert into TEST.REVIEW (REVIEW_NUM,PROD_NUM,REVIEW_WRITER,REVIEW_CONTENT,REVIEW_RATING,ORDERS_NUM) values (34,126,61,'좋아요.',4,112);
Insert into TEST.REVIEW (REVIEW_NUM,PROD_NUM,REVIEW_WRITER,REVIEW_CONTENT,REVIEW_RATING,ORDERS_NUM) values (35,136,89,'좋아요.',4,114);
Insert into TEST.REVIEW (REVIEW_NUM,PROD_NUM,REVIEW_WRITER,REVIEW_CONTENT,REVIEW_RATING,ORDERS_NUM) values (36,137,90,'배송이 빠르고 좋아요.',4,115);
--------------------------------------------------------
--  DDL for Index ORDERS_PK
--------------------------------------------------------

  CREATE UNIQUE INDEX "TEST"."ORDERS_PK" ON "TEST"."ORDERS" ("ORDERS_NUM") 
  PCTFREE 10 INITRANS 2 MAXTRANS 255 COMPUTE STATISTICS 
  STORAGE(INITIAL 65536 NEXT 1048576 MINEXTENTS 1 MAXEXTENTS 2147483645
  PCTINCREASE 0 FREELISTS 1 FREELIST GROUPS 1 BUFFER_POOL DEFAULT FLASH_CACHE DEFAULT CELL_FLASH_CACHE DEFAULT)
  TABLESPACE "SYSTEM" ;
--------------------------------------------------------
--  DDL for Index OPTIONS_PK
--------------------------------------------------------

  CREATE UNIQUE INDEX "TEST"."OPTIONS_PK" ON "TEST"."OPTIONS" ("OP_NUM") 
  PCTFREE 10 INITRANS 2 MAXTRANS 255 COMPUTE STATISTICS 
  STORAGE(INITIAL 65536 NEXT 1048576 MINEXTENTS 1 MAXEXTENTS 2147483645
  PCTINCREASE 0 FREELISTS 1 FREELIST GROUPS 1 BUFFER_POOL DEFAULT FLASH_CACHE DEFAULT CELL_FLASH_CACHE DEFAULT)
  TABLESPACE "SYSTEM" ;
--------------------------------------------------------
--  DDL for Index DETAILS_PK
--------------------------------------------------------

  CREATE UNIQUE INDEX "TEST"."DETAILS_PK" ON "TEST"."ORDER_DETAILS" ("DETAILS_NUM") 
  PCTFREE 10 INITRANS 2 MAXTRANS 255 COMPUTE STATISTICS 
  STORAGE(INITIAL 65536 NEXT 1048576 MINEXTENTS 1 MAXEXTENTS 2147483645
  PCTINCREASE 0 FREELISTS 1 FREELIST GROUPS 1 BUFFER_POOL DEFAULT FLASH_CACHE DEFAULT CELL_FLASH_CACHE DEFAULT)
  TABLESPACE "SYSTEM" ;
--------------------------------------------------------
--  DDL for Index MEMBER_PK
--------------------------------------------------------

  CREATE UNIQUE INDEX "TEST"."MEMBER_PK" ON "TEST"."MEMBER" ("UCODE") 
  PCTFREE 10 INITRANS 2 MAXTRANS 255 COMPUTE STATISTICS 
  STORAGE(INITIAL 65536 NEXT 1048576 MINEXTENTS 1 MAXEXTENTS 2147483645
  PCTINCREASE 0 FREELISTS 1 FREELIST GROUPS 1 BUFFER_POOL DEFAULT FLASH_CACHE DEFAULT CELL_FLASH_CACHE DEFAULT)
  TABLESPACE "SYSTEM" ;
--------------------------------------------------------
--  DDL for Index REVIEW_PK
--------------------------------------------------------

  CREATE UNIQUE INDEX "TEST"."REVIEW_PK" ON "TEST"."REVIEW" ("REVIEW_NUM") 
  PCTFREE 10 INITRANS 2 MAXTRANS 255 COMPUTE STATISTICS 
  STORAGE(INITIAL 65536 NEXT 1048576 MINEXTENTS 1 MAXEXTENTS 2147483645
  PCTINCREASE 0 FREELISTS 1 FREELIST GROUPS 1 BUFFER_POOL DEFAULT FLASH_CACHE DEFAULT CELL_FLASH_CACHE DEFAULT)
  TABLESPACE "SYSTEM" ;
--------------------------------------------------------
--  DDL for Index CATEGORY_PK
--------------------------------------------------------

  CREATE UNIQUE INDEX "TEST"."CATEGORY_PK" ON "TEST"."CATEGORY" ("CATE_NUM") 
  PCTFREE 10 INITRANS 2 MAXTRANS 255 COMPUTE STATISTICS 
  STORAGE(INITIAL 65536 NEXT 1048576 MINEXTENTS 1 MAXEXTENTS 2147483645
  PCTINCREASE 0 FREELISTS 1 FREELIST GROUPS 1 BUFFER_POOL DEFAULT FLASH_CACHE DEFAULT CELL_FLASH_CACHE DEFAULT)
  TABLESPACE "SYSTEM" ;
--------------------------------------------------------
--  DDL for Index PRODUCT_PK
--------------------------------------------------------

  CREATE UNIQUE INDEX "TEST"."PRODUCT_PK" ON "TEST"."PRODUCT" ("PROD_NUM") 
  PCTFREE 10 INITRANS 2 MAXTRANS 255 COMPUTE STATISTICS 
  STORAGE(INITIAL 65536 NEXT 1048576 MINEXTENTS 1 MAXEXTENTS 2147483645
  PCTINCREASE 0 FREELISTS 1 FREELIST GROUPS 1 BUFFER_POOL DEFAULT FLASH_CACHE DEFAULT CELL_FLASH_CACHE DEFAULT)
  TABLESPACE "SYSTEM" ;
--------------------------------------------------------
--  Constraints for Table ORDER_DETAILS
--------------------------------------------------------

  ALTER TABLE "TEST"."ORDER_DETAILS" ADD CONSTRAINT "DETAILS_PK" PRIMARY KEY ("DETAILS_NUM")
  USING INDEX PCTFREE 10 INITRANS 2 MAXTRANS 255 COMPUTE STATISTICS 
  STORAGE(INITIAL 65536 NEXT 1048576 MINEXTENTS 1 MAXEXTENTS 2147483645
  PCTINCREASE 0 FREELISTS 1 FREELIST GROUPS 1 BUFFER_POOL DEFAULT FLASH_CACHE DEFAULT CELL_FLASH_CACHE DEFAULT)
  TABLESPACE "SYSTEM"  ENABLE;
--------------------------------------------------------
--  Constraints for Table OPTIONS
--------------------------------------------------------

  ALTER TABLE "TEST"."OPTIONS" ADD CONSTRAINT "OPTIONS_PK" PRIMARY KEY ("OP_NUM")
  USING INDEX PCTFREE 10 INITRANS 2 MAXTRANS 255 COMPUTE STATISTICS 
  STORAGE(INITIAL 65536 NEXT 1048576 MINEXTENTS 1 MAXEXTENTS 2147483645
  PCTINCREASE 0 FREELISTS 1 FREELIST GROUPS 1 BUFFER_POOL DEFAULT FLASH_CACHE DEFAULT CELL_FLASH_CACHE DEFAULT)
  TABLESPACE "SYSTEM"  ENABLE;
--------------------------------------------------------
--  Constraints for Table PRODUCT
--------------------------------------------------------

  ALTER TABLE "TEST"."PRODUCT" ADD CONSTRAINT "PRODUCT_PK" PRIMARY KEY ("PROD_NUM")
  USING INDEX PCTFREE 10 INITRANS 2 MAXTRANS 255 COMPUTE STATISTICS 
  STORAGE(INITIAL 65536 NEXT 1048576 MINEXTENTS 1 MAXEXTENTS 2147483645
  PCTINCREASE 0 FREELISTS 1 FREELIST GROUPS 1 BUFFER_POOL DEFAULT FLASH_CACHE DEFAULT CELL_FLASH_CACHE DEFAULT)
  TABLESPACE "SYSTEM"  ENABLE;
--------------------------------------------------------
--  Constraints for Table CATEGORY
--------------------------------------------------------

  ALTER TABLE "TEST"."CATEGORY" ADD CONSTRAINT "CATEGORY_PK" PRIMARY KEY ("CATE_NUM")
  USING INDEX PCTFREE 10 INITRANS 2 MAXTRANS 255 COMPUTE STATISTICS 
  STORAGE(INITIAL 65536 NEXT 1048576 MINEXTENTS 1 MAXEXTENTS 2147483645
  PCTINCREASE 0 FREELISTS 1 FREELIST GROUPS 1 BUFFER_POOL DEFAULT FLASH_CACHE DEFAULT CELL_FLASH_CACHE DEFAULT)
  TABLESPACE "SYSTEM"  ENABLE;
--------------------------------------------------------
--  Constraints for Table MEMBER
--------------------------------------------------------

  ALTER TABLE "TEST"."MEMBER" ADD CONSTRAINT "MEMBER_PK" PRIMARY KEY ("UCODE")
  USING INDEX PCTFREE 10 INITRANS 2 MAXTRANS 255 COMPUTE STATISTICS 
  STORAGE(INITIAL 65536 NEXT 1048576 MINEXTENTS 1 MAXEXTENTS 2147483645
  PCTINCREASE 0 FREELISTS 1 FREELIST GROUPS 1 BUFFER_POOL DEFAULT FLASH_CACHE DEFAULT CELL_FLASH_CACHE DEFAULT)
  TABLESPACE "SYSTEM"  ENABLE;
--------------------------------------------------------
--  Constraints for Table REVIEW
--------------------------------------------------------

  ALTER TABLE "TEST"."REVIEW" ADD CONSTRAINT "REVIEW_PK" PRIMARY KEY ("REVIEW_NUM")
  USING INDEX PCTFREE 10 INITRANS 2 MAXTRANS 255 COMPUTE STATISTICS 
  STORAGE(INITIAL 65536 NEXT 1048576 MINEXTENTS 1 MAXEXTENTS 2147483645
  PCTINCREASE 0 FREELISTS 1 FREELIST GROUPS 1 BUFFER_POOL DEFAULT FLASH_CACHE DEFAULT CELL_FLASH_CACHE DEFAULT)
  TABLESPACE "SYSTEM"  ENABLE;
  ALTER TABLE "TEST"."REVIEW" MODIFY ("REVIEW_NUM" NOT NULL ENABLE);
--------------------------------------------------------
--  Constraints for Table ORDERS
--------------------------------------------------------

  ALTER TABLE "TEST"."ORDERS" ADD CONSTRAINT "ORDERS_PK" PRIMARY KEY ("ORDERS_NUM")
  USING INDEX PCTFREE 10 INITRANS 2 MAXTRANS 255 COMPUTE STATISTICS 
  STORAGE(INITIAL 65536 NEXT 1048576 MINEXTENTS 1 MAXEXTENTS 2147483645
  PCTINCREASE 0 FREELISTS 1 FREELIST GROUPS 1 BUFFER_POOL DEFAULT FLASH_CACHE DEFAULT CELL_FLASH_CACHE DEFAULT)
  TABLESPACE "SYSTEM"  ENABLE;
--------------------------------------------------------
--  Ref Constraints for Table OPTIONS
--------------------------------------------------------

  ALTER TABLE "TEST"."OPTIONS" ADD CONSTRAINT "OPTIONS_FK" FOREIGN KEY ("PROD_NUM")
	  REFERENCES "TEST"."PRODUCT" ("PROD_NUM") ENABLE;
--------------------------------------------------------
--  Ref Constraints for Table ORDERS
--------------------------------------------------------

  ALTER TABLE "TEST"."ORDERS" ADD CONSTRAINT "ORDERS_FK1" FOREIGN KEY ("PROD_NUM")
	  REFERENCES "TEST"."PRODUCT" ("PROD_NUM") ENABLE;
  ALTER TABLE "TEST"."ORDERS" ADD CONSTRAINT "ORDERS_FK2" FOREIGN KEY ("ORDERER")
	  REFERENCES "TEST"."MEMBER" ("UCODE") ENABLE;
  ALTER TABLE "TEST"."ORDERS" ADD CONSTRAINT "ORDERS_FK3" FOREIGN KEY ("SELLER")
	  REFERENCES "TEST"."MEMBER" ("UCODE") ENABLE;
--------------------------------------------------------
--  Ref Constraints for Table ORDER_DETAILS
--------------------------------------------------------

  ALTER TABLE "TEST"."ORDER_DETAILS" ADD CONSTRAINT "DETAILS_FK1" FOREIGN KEY ("ORDERS_NUM")
	  REFERENCES "TEST"."ORDERS" ("ORDERS_NUM") ENABLE;
  ALTER TABLE "TEST"."ORDER_DETAILS" ADD CONSTRAINT "DETAILS_FK2" FOREIGN KEY ("PROD_NUM")
	  REFERENCES "TEST"."PRODUCT" ("PROD_NUM") ENABLE;
  ALTER TABLE "TEST"."ORDER_DETAILS" ADD CONSTRAINT "DETAILS_FK3" FOREIGN KEY ("OP_NUM")
	  REFERENCES "TEST"."OPTIONS" ("OP_NUM") ENABLE;
--------------------------------------------------------
--  Ref Constraints for Table PRODUCT
--------------------------------------------------------

  ALTER TABLE "TEST"."PRODUCT" ADD CONSTRAINT "PRODUCT_FK1" FOREIGN KEY ("UCODE")
	  REFERENCES "TEST"."MEMBER" ("UCODE") ENABLE;
  ALTER TABLE "TEST"."PRODUCT" ADD CONSTRAINT "PRODUCT_FK2" FOREIGN KEY ("PROD_DEP1")
	  REFERENCES "TEST"."CATEGORY" ("CATE_NUM") ENABLE;
  ALTER TABLE "TEST"."PRODUCT" ADD CONSTRAINT "PRODUCT_FK3" FOREIGN KEY ("PROD_DEP2")
	  REFERENCES "TEST"."CATEGORY" ("CATE_NUM") ENABLE;
--------------------------------------------------------
--  Ref Constraints for Table REVIEW
--------------------------------------------------------

  ALTER TABLE "TEST"."REVIEW" ADD CONSTRAINT "REVIEW_FK1" FOREIGN KEY ("PROD_NUM")
	  REFERENCES "TEST"."PRODUCT" ("PROD_NUM") ENABLE;
  ALTER TABLE "TEST"."REVIEW" ADD CONSTRAINT "REVIEW_FK2" FOREIGN KEY ("REVIEW_WRITER")
	  REFERENCES "TEST"."MEMBER" ("UCODE") ENABLE;
  ALTER TABLE "TEST"."REVIEW" ADD CONSTRAINT "REVIEW_FK3" FOREIGN KEY ("ORDERS_NUM")
	  REFERENCES "TEST"."ORDERS" ("ORDERS_NUM") ENABLE;
